{
    "metrics": {
        "avg_top1": 0.6752056539490134,
        "avg_top10": 0.6426091165109,
        "avg_top100": 0.16848916106125172
    },
    "random_sample100_pass_rates": {
        "sim_pass_0.6": 0.0,
        "sim_low_bound": 0.0427715996578272,
        "sim_max_bound": 0.5217391304347826,
        "logP_pass": 0.31,
        "qed_pass": 0.27,
        "qed_low_bound": 0.07325661258279072,
        "qed_max_bound": 0.9184423342615254
    }
}