{
    "metrics": {
        "avg_top1": 0.7153988501899116,
        "avg_top10": 0.6497613885374927,
        "avg_top100": 0.20378208573717277
    },
    "random_sample100_pass_rates": {
        "sim_pass_0.6": 0.01,
        "sim_low_bound": 0.09259259259259259,
        "sim_max_bound": 0.6216931216931217,
        "logP_pass": 0.38,
        "qed_pass": 0.2,
        "qed_low_bound": 0.05594057998760425,
        "qed_max_bound": 0.9082681399093143
    }
}