{
    "avg_top1": 0.7387731184458637,
    "avg_top10": 0.6724618832707074,
    "avg_top100": 0.2257106907435109,
    "sim_pass_0.6": 0.013000000000000001,
    "sim_low_bound": 0.04891751335314447,
    "sim_max_bound": 0.6347246740465413,
    "logP_pass": 0.397,
    "qed_pass": 0.24699999999999997,
    "qed_low_bound": 0.13212104331917693,
    "qed_max_bound": 0.932369414102312
}