{
    "avg_top1": 0.9143593537320264,
    "avg_top10": 0.906279274120912,
    "avg_top100": 0.8897436125302395,
    "sim_pass_0.6": 1.0,
    "sim_low_bound": 0.866452811607437,
    "sim_max_bound": 1.0,
    "logP_pass": 0.994,
    "qed_pass": 0.8940000000000001,
    "qed_low_bound": 0.7443181213407934,
    "qed_max_bound": 0.8939442017129767,
    "auc_top1": 0.87690901454748,
    "auc_top10": 0.8586666184043314,
    "auc_top100": 0.8235004412442268,
    "avg_sa": 2.282633623553818,
    "diversity": 0.5773082676551958
}