{
    "metrics": {
        "avg_top1": 0.6984431430812327,
        "avg_top10": 0.6665503402896633,
        "avg_top100": 0.21174868947463008
    },
    "random_sample100_pass_rates": {
        "sim_pass_0.6": 0.02,
        "sim_low_bound": 0.0590318772136954,
        "sim_max_bound": 0.6838905775075989,
        "logP_pass": 0.38,
        "qed_pass": 0.24,
        "qed_low_bound": 0.0340789438672566,
        "qed_max_bound": 0.9301018683459359
    }
}