{
    "metrics": {
        "avg_top1": 0.7243631808564698,
        "avg_top10": 0.6727342838409218,
        "avg_top100": 0.2441187073985074
    },
    "random_sample100_pass_rates": {
        "sim_pass_0.6": 0.02,
        "sim_low_bound": 0.05537098560354375,
        "sim_max_bound": 0.7526881720430108,
        "logP_pass": 0.43,
        "qed_pass": 0.3,
        "qed_low_bound": 0.16259982647047846,
        "qed_max_bound": 0.9412196086688714
    }
}