{
    "metrics": {
        "avg_top1": 0.7202027215100154,
        "avg_top10": 0.6389536904435607,
        "avg_top100": 0.22829715787041446
    },
    "random_sample100_pass_rates": {
        "sim_pass_0.6": 0.0,
        "sim_low_bound": 0.05452562704471102,
        "sim_max_bound": 0.5484693877551021,
        "logP_pass": 0.41,
        "qed_pass": 0.22,
        "qed_low_bound": 0.1627801129744375,
        "qed_max_bound": 0.9401601171146832
    }
}