{
    "metrics": {
        "avg_top1": 0.7346825824868226,
        "avg_top10": 0.6707451245509991,
        "avg_top100": 0.18983503767441232
    },
    "random_sample100_pass_rates": {
        "sim_pass_0.6": 0.0,
        "sim_low_bound": 0.026455026455026454,
        "sim_max_bound": 0.5494505494505495,
        "logP_pass": 0.33,
        "qed_pass": 0.23,
        "qed_low_bound": 0.11436555767513241,
        "qed_max_bound": 0.937862027687025
    }
}