{
    "progress": "10000/10000",
    "metrics": {
        "avg_top1": 0.9143586031716479,
        "avg_top10": 0.9059077240816101,
        "avg_top100": 0.8820397442873761,
        "avg_sa": 2.33768721167156,
        "diversity": 0.6162521171554781
    },
    "auc": {
        "auc_top1": 0.8821610337761762,
        "auc_top10": 0.8647129830940102,
        "auc_top100": 0.8261609611188454
    },
    "top100_pass_rates": {
        "sim_pass_0.6": 1.0,
        "sim_low_bound": 0.774526678141136,
        "sim_max_bound": 1.0,
        "logP_pass": 1.0,
        "qed_pass": 0.77,
        "qed_low_bound": 0.7256007543186543,
        "qed_max_bound": 0.9464182350787752
    }
}