{
    "progress": "10000/10000",
    "metrics": {
        "avg_top1": 0.7826902466565206,
        "avg_top10": 0.7797225422142593,
        "avg_top100": 0.7662131262906704,
        "avg_sa": 2.191813135670242,
        "diversity": 0.5145832803612331
    },
    "auc": {
        "auc_top1": 0.7643890856928659,
        "auc_top10": 0.754611022903,
        "auc_top100": 0.7279868201051614
    },
    "pass_rates": {
        "top100_sim_pass": 1.0,
        "logP_pass": 1.0,
        "qed_pass": 1.0
    }
}