{
    "progress": "10000/10000",
    "metrics": {
        "avg_top1": 0.9079345134261738,
        "avg_top10": 0.9067930106725404,
        "avg_top100": 0.899503219569387,
        "avg_sa": 2.285990642493421,
        "diversity": 0.5250049758447596
    },
    "auc": {
        "auc_top1": 0.8793875143494544,
        "auc_top10": 0.8684167925449161,
        "auc_top100": 0.8411574559334147
    },
    "top100_pass_rates": {
        "sim_pass_0.6": 1.0,
        "sim_low_bound": 0.867992766726944,
        "sim_max_bound": 1.0,
        "logP_pass": 1.0,
        "qed_pass": 1.0,
        "qed_low_bound": 0.7693477236050216,
        "qed_max_bound": 0.9045493634955184
    }
}