{
    "progress": "10000/10000",
    "metrics": {
        "avg_top1": 0.9080677051219029,
        "avg_top10": 0.9077729547357478,
        "avg_top100": 0.8946879411855295,
        "avg_sa": 2.339074854378389,
        "diversity": 0.5897357150636267
    },
    "auc": {
        "auc_top1": 0.8693040084165546,
        "auc_top10": 0.8535547644251587,
        "auc_top100": 0.8192841774209945
    },
    "top100_pass_rates": {
        "sim_pass_0.6": 1.0,
        "sim_low_bound": 0.963855421686747,
        "sim_max_bound": 1.0,
        "logP_pass": 1.0,
        "qed_pass": 1.0,
        "qed_low_bound": 0.7582399740216865,
        "qed_max_bound": 0.806942180755996
    }
}