{
    "progress": "10000/10000",
    "metrics": {
        "avg_top1": 0.9143586031716479,
        "avg_top10": 0.9085769224007212,
        "avg_top100": 0.9036157578923911,
        "avg_sa": 2.180509199991779,
        "diversity": 0.5268629846668029
    },
    "auc": {
        "auc_top1": 0.8703359250759773,
        "auc_top10": 0.850810228566977,
        "auc_top100": 0.8182374054901458
    },
    "top100_pass_rates": {
        "sim_pass_0.6": 1.0,
        "sim_low_bound": 0.8719851576994434,
        "sim_max_bound": 1.0,
        "logP_pass": 1.0,
        "qed_pass": 1.0,
        "qed_low_bound": 0.7866243202461313,
        "qed_max_bound": 0.9193754227132694
    }
}