{
    "progress": "10000/10000",
    "metrics": {
        "avg_top1": 0.9150624103861971,
        "avg_top10": 0.9091468762831475,
        "avg_top100": 0.8912744718746416,
        "avg_sa": 2.2182658618073634,
        "diversity": 0.5852587813890522
    },
    "auc": {
        "auc_top1": 0.8762424734959583,
        "auc_top10": 0.8575724888349243,
        "auc_top100": 0.8202038497743661
    },
    "top100_pass_rates": {
        "sim_pass_0.6": 1.0,
        "sim_low_bound": 0.8035714285714286,
        "sim_max_bound": 1.0,
        "logP_pass": 1.0,
        "qed_pass": 0.87,
        "qed_low_bound": 0.7424890399064927,
        "qed_max_bound": 0.9426218951252453
    }
}