{
    "progress": "10000/10000",
    "metrics": {
        "avg_top1": 0.8026415622750657,
        "avg_top10": 0.7876797136452761,
        "avg_top100": 0.7708967767758801,
        "avg_sa": 2.19826486790512,
        "diversity": 0.6121788434711437
    },
    "auc": {
        "auc_top1": 0.7757751803710262,
        "auc_top10": 0.7593241759165051,
        "auc_top100": 0.7312171498590565
    }
}