{
    "progress": "10000/10000",
    "metrics": {
        "avg_top1": 0.9078435909694401,
        "avg_top10": 0.8924532401407962,
        "avg_top100": 0.8619262120261045,
        "avg_sa": 2.3488111235673124,
        "diversity": 0.6344183441684287
    },
    "auc": {
        "auc_top1": 0.8697524898226527,
        "auc_top10": 0.848571966019148,
        "auc_top100": 0.80803665197835
    },
    "top100_pass_rates": {
        "sim_pass_0.6": 1.0,
        "sim_low_bound": 0.755336617405583,
        "sim_max_bound": 1.0,
        "logP_pass": 0.94,
        "qed_pass": 0.62,
        "qed_low_bound": 0.676239776034315,
        "qed_max_bound": 0.9402044855837116
    }
}