{
    "progress": "10000/10000",
    "metrics": {
        "avg_top1": 0.9298613124031443,
        "avg_top10": 0.9098410071886944,
        "avg_top100": 0.8942665542326761,
        "avg_sa": 2.250963717587573,
        "diversity": 0.5587429619273374
    },
    "auc": {
        "auc_top1": 0.8855427589710012,
        "auc_top10": 0.8632223180436591,
        "auc_top100": 0.8283372263726451
    },
    "top100_pass_rates": {
        "sim_pass_0.6": 1.0,
        "sim_low_bound": 0.9333333333333333,
        "sim_max_bound": 1.0,
        "logP_pass": 1.0,
        "qed_pass": 0.95,
        "qed_low_bound": 0.7492259988219512,
        "qed_max_bound": 0.9193754227132694
    }
}