{
    "progress": "10000/10000",
    "metrics": {
        "avg_top1": 0.9080677051219029,
        "avg_top10": 0.908041066782757,
        "avg_top100": 0.9017900906758185,
        "avg_sa": 2.209581471670286,
        "diversity": 0.5190441146791632
    },
    "auc": {
        "auc_top1": 0.8781427410718623,
        "auc_top10": 0.8627109272273575,
        "auc_top100": 0.8324709103023467
    },
    "top100_pass_rates": {
        "sim_pass_0.6": 1.0,
        "sim_low_bound": 0.9756097560975611,
        "sim_max_bound": 1.0,
        "logP_pass": 1.0,
        "qed_pass": 1.0,
        "qed_low_bound": 0.7787155311746884,
        "qed_max_bound": 0.806942180755996
    }
}