{
    "progress": "10000/10000",
    "metrics": {
        "avg_top1": 0.9080677051219029,
        "avg_top10": 0.908041066782757,
        "avg_top100": 0.9017900906758185,
        "avg_sa": 2.209581471670286,
        "diversity": 0.5190441146791631
    },
    "auc": {
        "auc_top1": 0.8781427410718623,
        "auc_top10": 0.8627109272273575,
        "auc_top100": 0.8324709103023467
    }
}