{
    "progress": "10000/10000",
    "metrics": {
        "avg_top1": 0.9301045801220337,
        "avg_top10": 0.9072368609584585,
        "avg_top100": 0.8731737181741235,
        "avg_sa": 2.4040375661775597,
        "diversity": 0.6351482427594682
    },
    "auc": {
        "auc_top1": 0.8732433861615998,
        "auc_top10": 0.8478359076037832,
        "auc_top100": 0.804184986287453
    }
}