{
    "progress": "10000/10000",
    "metrics": {
        "avg_top1": 0.9079345134261738,
        "avg_top10": 0.9070230779646493,
        "avg_top100": 0.8951584153843477,
        "avg_sa": 2.251414586192939,
        "diversity": 0.5826144388978406
    },
    "auc": {
        "auc_top1": 0.8849778143335628,
        "auc_top10": 0.8692578076833812,
        "auc_top100": 0.8369307877637077
    },
    "top100_pass_rates": {
        "sim_pass_0.6": 1.0,
        "sim_low_bound": 0.9700176366843034,
        "sim_max_bound": 1.0,
        "logP_pass": 1.0,
        "qed_pass": 1.0,
        "qed_low_bound": 0.7566475872654203,
        "qed_max_bound": 0.8066624781949647
    }
}